ID,stockNumber,department_ID,min,max,target,quantity,baseUnit,product_ID
2e37b370-f4ae-4cb7-ba7a-ae74c14af498,10000000001,ab5c9e8d-7f2a-4b3c-b6d1-3a7e5f9c2b4d,0,500,260,436.55,EA,21f78051-061f-4cc4-ad32-62c58311b70d
6e8c9504-fa95-4f35-95cb-6370896a3f74,10000000002,e6f1d2c3-9a5b-4e8d-7c3a-2b4f9e7d5c1a,0,500,500,4665.93,EA,21f78051-061f-4cc4-ad32-62c58311b70d
bdfbe124-f6f9-4916-a69e-a049f0c2113b,10000000003,c5e9d2a3-4b7f-4e8c-9a1d-2f6b3e7c5a9d,0,500,226,344.29,EA,21f78051-061f-4cc4-ad32-62c58311b70d
9e64b986-0ec0-4262-96e2-05d5d217a1f2,10000000004,b7e5c2d9-4a3b-4f8e-9c1d-2f6a7e5b3c9d,0,500,269,3313.91,EA,21f78051-061f-4cc4-ad32-62c58311b70d
afb15066-5bbf-483e-bdd6-31e635d33b7d,10000000005,d2f3e1b9-5a4c-4d7e-8b1c-6a9f2c5e3b7d,0,500,396,2231.87,EA,21f78051-061f-4cc4-ad32-62c58311b70d
cd9db2cf-7888-4b31-89d4-6855d05f8104,10000000006,c5e9d2a3-4b7f-4e8c-9a1d-2f6b3e7c5a9d,0,500,20,635.56,EA,21f78051-061f-4cc4-ad32-62c58311b70d
7dfc1920-544c-4f1d-821f-89a8fc13a686,10000000007,b6c2e9a3-4d5f-4e8b-7c1a-3f9d7e5b2c4a,0,500,216,4796.75,EA,21f78051-061f-4cc4-ad32-62c58311b70d
ef63b0f2-3283-44ee-a287-31e0c8a0ba36,10000000008,b6c2e9a3-4d5f-4e8b-7c1a-3f9d7e5b2c4a,0,500,406,116.64,EA,21f78051-061f-4cc4-ad32-62c58311b70d
7821f041-a47f-4456-8f94-7e9ea7a8724a,10000000009,ab5c9e8d-7f2a-4b3c-b6d1-3a7e5f9c2b4d,0,500,13,3828.14,EA,21f78051-061f-4cc4-ad32-62c58311b70d
410f8b66-f9c6-40f1-bd93-acdd81a1755a,10000000010,e1f9d3b2-6a5c-4d7e-8b3a-5c2f7e9a4d1b,0,500,229,3992.26,EA,21f78051-061f-4cc4-ad32-62c58311b70d
12957778-53d1-4d59-8d67-26cbb1fedb19,10000000011,b6c2e9a3-4d5f-4e8b-7c1a-3f9d7e5b2c4a,0,500,383,2908.89,EA,21f78051-061f-4cc4-ad32-62c58311b70d
f91a4277-4236-46ce-bf30-cf763c8dd360,10000000012,e1f9d3b2-6a5c-4d7e-8b3a-5c2f7e9a4d1b,0,500,418,3232.25,EA,21f78051-061f-4cc4-ad32-62c58311b70d
50de5721-9788-4efb-82b6-da957e906130,10000000013,c4b7e9d3-2a5f-4c8e-9d1b-6f2a7c5e3d9b,0,500,373,3477.45,EA,21f78051-061f-4cc4-ad32-62c58311b70d
19f1d94a-b7b1-4cae-8ed8-af4934db100d,10000000014,d2f3e1b9-5a4c-4d7e-8b1c-6a9f2c5e3b7d,0,500,79,4010.16,EA,21f78051-061f-4cc4-ad32-62c58311b70d
70b7e1f6-e69a-4bb8-9dc0-01dd8304dd08,10000000015,b6c2e9a3-4d5f-4e8b-7c1a-3f9d7e5b2c4a,0,500,118,3758.12,EA,21f78051-061f-4cc4-ad32-62c58311b70d
670d7aab-ef8a-4e6f-8681-75895e738e0c,10000000016,d2f3e1b9-5a4c-4d7e-8b1c-6a9f2c5e3b7d,0,500,314,358.57,EA,21f78051-061f-4cc4-ad32-62c58311b70d
e22ea740-96ef-406b-8698-d2008f26763d,10000000017,c4b7e9d3-2a5f-4c8e-9d1b-6f2a7c5e3d9b,0,500,197,1188.06,EA,21f78051-061f-4cc4-ad32-62c58311b70d
3e04f996-e858-4ee3-bee5-ebdf9f89d97e,10000000018,b7e5c2d9-4a3b-4f8e-9c1d-2f6a7e5b3c9d,0,500,134,2834.81,EA,21f78051-061f-4cc4-ad32-62c58311b70d
8a63f9a8-6e13-4e6f-8374-0046ba29a39b,10000000019,a9e7c2b5-4d3f-4e8a-7b1c-5f2d6c9e3a7b,0,500,278,417.63,EA,21f78051-061f-4cc4-ad32-62c58311b70d
71d1e439-c985-4f21-bc81-61845469b7a0,10000000020,d2f3e1b9-5a4c-4d7e-8b1c-6a9f2c5e3b7d,0,500,172,2924.61,EA,21f78051-061f-4cc4-ad32-62c58311b70d
da6d641d-b980-4a0c-bd0c-0624516a13a4,10000000021,b7e5c2d9-4a3b-4f8e-9c1d-2f6a7e5b3c9d,0,500,184,4724.04,EA,21f78051-061f-4cc4-ad32-62c58311b70d
0bd2d7ea-fefc-40e1-ba31-0089bbdcc15d,10000000022,c5e9d2a3-4b7f-4e8c-9a1d-2f6b3e7c5a9d,0,500,29,1621.82,EA,21f78051-061f-4cc4-ad32-62c58311b70d
50917605-4804-46c3-8d50-d1c6697176bb,10000000023,d3e1f9b2-6a5c-4d7e-8c3b-5f9a2b4c1e7d,0,500,338,2465.76,EA,21f78051-061f-4cc4-ad32-62c58311b70d
5f640f06-5f39-49a1-a363-d9450ac0535b,10000000024,b6c2e9a3-4d5f-4e8b-7c1a-3f9d7e5b2c4a,0,500,467,3488.94,EA,21f78051-061f-4cc4-ad32-62c58311b70d
068a6060-ef95-4904-9b11-102d1802deb2,10000000025,e1f9d3b2-6a5c-4d7e-8b3a-5c2f7e9a4d1b,0,500,279,4718.53,EA,21f78051-061f-4cc4-ad32-62c58311b70d
36399d78-0dee-4e4d-8c62-9d192de194a5,10000000026,e1f9d3b2-6a5c-4d7e-8b3a-5c2f7e9a4d1b,0,500,370,70.42,EA,21f78051-061f-4cc4-ad32-62c58311b70d
f32d921b-9953-49a4-af5e-388b073600c2,10000000027,d2f3e1b9-5a4c-4d7e-8b1c-6a9f2c5e3b7d,0,500,20,46.12,EA,21f78051-061f-4cc4-ad32-62c58311b70d
b892e596-e7d7-472b-b476-ba50d878e8d2,10000000028,ab5c9e8d-7f2a-4b3c-b6d1-3a7e5f9c2b4d,0,500,65,252.44,EA,21f78051-061f-4cc4-ad32-62c58311b70d
e9cf5bc4-d047-4519-ba54-dd7f29b30b61,10000000029,b7e5c2d9-4a3b-4f8e-9c1d-2f6a7e5b3c9d,0,500,196,4033.08,EA,21f78051-061f-4cc4-ad32-62c58311b70d
5d9211fc-5d26-4f8e-a055-3184b6baf7cf,10000000030,c4b7e9d3-2a5f-4c8e-9d1b-6f2a7c5e3d9b,0,500,240,656.34,EA,21f78051-061f-4cc4-ad32-62c58311b70d
810cdb26-7f0c-4704-9d3c-f3fda028cfff,10000000031,ab5c9e8d-7f2a-4b3c-b6d1-3a7e5f9c2b4d,0,500,257,3610.38,EA,6c0eb077-f6d4-4b58-8370-9430cfc32ade
e3f576d7-0bcb-4272-8a9c-8c68182932ad,10000000032,d3e1f9b2-6a5c-4d7e-8c3b-5f9a2b4c1e7d,0,500,257,4362.02,EA,6c0eb077-f6d4-4b58-8370-9430cfc32ade
fe7695c3-6376-47e6-baa7-e6d45c7f3fbe,10000000033,e6f1d2c3-9a5b-4e8d-7c3a-2b4f9e7d5c1a,0,500,39,4792.34,EA,6c0eb077-f6d4-4b58-8370-9430cfc32ade
90a27758-5ec1-4379-b1ec-26afcee866bb,10000000034,b7e5c2d9-4a3b-4f8e-9c1d-2f6a7e5b3c9d,0,500,416,4557.78,EA,6c0eb077-f6d4-4b58-8370-9430cfc32ade
3245e8b7-919f-4ea4-8e4c-339a777ec831,10000000035,c5e9d2a3-4b7f-4e8c-9a1d-2f6b3e7c5a9d,0,500,421,247.19,EA,6c0eb077-f6d4-4b58-8370-9430cfc32ade
ad7f4d7f-8795-43a4-adbc-f5457036b9c0,10000000036,c5e9d2a3-4b7f-4e8c-9a1d-2f6b3e7c5a9d,0,500,464,3350.16,EA,6c0eb077-f6d4-4b58-8370-9430cfc32ade
398c9819-325c-4324-8717-47f77a42b447,10000000037,d3e1f9b2-6a5c-4d7e-8c3b-5f9a2b4c1e7d,0,500,273,4438.95,EA,6c0eb077-f6d4-4b58-8370-9430cfc32ade
1b4bc9df-a8b4-4edb-b88a-df38cf9330fd,10000000038,c5e9d2a3-4b7f-4e8c-9a1d-2f6b3e7c5a9d,0,500,264,3455.29,EA,6c0eb077-f6d4-4b58-8370-9430cfc32ade
99d6760b-5553-4cb9-b2db-c8ff7736c1f5,10000000039,d2f3e1b9-5a4c-4d7e-8b1c-6a9f2c5e3b7d,0,500,4,1196.72,EA,6c0eb077-f6d4-4b58-8370-9430cfc32ade
55ea4a07-9f76-47a4-a0d2-efd23e0b97b3,10000000040,e6f1d2c3-9a5b-4e8d-7c3a-2b4f9e7d5c1a,0,500,48,292.18,EA,6c0eb077-f6d4-4b58-8370-9430cfc32ade
4ca1cd31-2cf7-4bad-b422-b65e27f53c3c,10000000041,a9e7c2b5-4d3f-4e8a-7b1c-5f2d6c9e3a7b,0,500,27,2875.02,EA,6c0eb077-f6d4-4b58-8370-9430cfc32ade
5320c72a-de18-45ba-9075-a6574286f010,10000000042,e6f1d2c3-9a5b-4e8d-7c3a-2b4f9e7d5c1a,0,500,359,302.23,EA,6c0eb077-f6d4-4b58-8370-9430cfc32ade
2dc54218-e186-4e95-9af0-bb48e6e06001,10000000043,d2f3e1b9-5a4c-4d7e-8b1c-6a9f2c5e3b7d,0,500,186,1671.36,EA,6c0eb077-f6d4-4b58-8370-9430cfc32ade
ddcd6ff6-2a65-4a4e-a8bb-617ebb69b227,10000000044,e1f9d3b2-6a5c-4d7e-8b3a-5c2f7e9a4d1b,0,500,271,3571.18,EA,6c0eb077-f6d4-4b58-8370-9430cfc32ade
79d2d930-c6fc-4ab5-82bf-e9cd5c8705dc,10000000045,a9e7c2b5-4d3f-4e8a-7b1c-5f2d6c9e3a7b,0,500,269,2242.47,EA,6c0eb077-f6d4-4b58-8370-9430cfc32ade
bdff0435-35b7-4995-b0a1-396f11624bef,10000000046,e1f9d3b2-6a5c-4d7e-8b3a-5c2f7e9a4d1b,0,500,456,1550.41,EA,6c0eb077-f6d4-4b58-8370-9430cfc32ade
c9c8dc4f-3513-4759-b9e3-0518c8e8c0da,10000000047,b6c2e9a3-4d5f-4e8b-7c1a-3f9d7e5b2c4a,0,500,142,573.06,EA,6c0eb077-f6d4-4b58-8370-9430cfc32ade
219531ab-fc6b-406c-a60c-a9c2897e3f9a,10000000048,d3e1f9b2-6a5c-4d7e-8c3b-5f9a2b4c1e7d,0,500,65,4907.01,EA,6c0eb077-f6d4-4b58-8370-9430cfc32ade
75db1a23-9a09-4483-8f72-3cbc8d4f5188,10000000049,b7e5c2d9-4a3b-4f8e-9c1d-2f6a7e5b3c9d,0,500,108,4074.88,EA,6c0eb077-f6d4-4b58-8370-9430cfc32ade
e7fcaa64-3b0b-499e-9608-ca6b3b444b9e,10000000050,b6c2e9a3-4d5f-4e8b-7c1a-3f9d7e5b2c4a,0,500,385,1349.26,EA,6c0eb077-f6d4-4b58-8370-9430cfc32ade
9254c54e-ade1-46d9-964b-e493175196ce,10000000051,a9e7c2b5-4d3f-4e8a-7b1c-5f2d6c9e3a7b,0,500,356,2465.57,EA,6c0eb077-f6d4-4b58-8370-9430cfc32ade
da8a70ce-b565-49b3-b332-cc641a2cef72,10000000052,b6c2e9a3-4d5f-4e8b-7c1a-3f9d7e5b2c4a,0,500,47,4521.06,EA,6c0eb077-f6d4-4b58-8370-9430cfc32ade
1d6ed743-6afa-41b7-87e6-0c766b3b555e,10000000053,c4b7e9d3-2a5f-4c8e-9d1b-6f2a7c5e3d9b,0,500,151,2063.02,EA,6c0eb077-f6d4-4b58-8370-9430cfc32ade
33e09d97-be55-4ab1-9280-f7dd474bfb7e,10000000054,a9e7c2b5-4d3f-4e8a-7b1c-5f2d6c9e3a7b,0,500,366,2374.31,EA,6c0eb077-f6d4-4b58-8370-9430cfc32ade
a74fe83f-3ca2-4f46-a1a4-0d00b27fbeba,10000000055,b7e5c2d9-4a3b-4f8e-9c1d-2f6a7e5b3c9d,0,500,8,79.34,EA,6c0eb077-f6d4-4b58-8370-9430cfc32ade
c26f844a-ed80-436d-bec6-091f5e5b9d91,10000000056,d3e1f9b2-6a5c-4d7e-8c3b-5f9a2b4c1e7d,0,500,183,158.72,EA,6c0eb077-f6d4-4b58-8370-9430cfc32ade
57a76c2b-9811-442a-96ea-3a6ff6b1f7fc,10000000057,d3e1f9b2-6a5c-4d7e-8c3b-5f9a2b4c1e7d,0,500,329,4894.85,EA,6c0eb077-f6d4-4b58-8370-9430cfc32ade
89ec5ac5-8540-4bf5-a575-4a5888b64560,10000000058,b6c2e9a3-4d5f-4e8b-7c1a-3f9d7e5b2c4a,0,500,230,3035.04,EA,6c0eb077-f6d4-4b58-8370-9430cfc32ade
04b6ef15-a91f-43e1-b0ec-8a72728f178f,10000000059,b6c2e9a3-4d5f-4e8b-7c1a-3f9d7e5b2c4a,0,500,116,1799.06,EA,6c0eb077-f6d4-4b58-8370-9430cfc32ade
67593644-63a2-4aad-bf7f-dd5613854ec9,10000000060,b6c2e9a3-4d5f-4e8b-7c1a-3f9d7e5b2c4a,0,500,345,105.84,EA,6c0eb077-f6d4-4b58-8370-9430cfc32ade
ac62513d-de07-4d72-8f32-a7ba3bc71018,10000000061,c4b7e9d3-2a5f-4c8e-9d1b-6f2a7c5e3d9b,0,500,114,3668.98,EA,17099629-5434-4676-b81d-c448ce221b73
8e44e5b1-d262-4ad2-8c15-5e2e939d3431,10000000062,d2f3e1b9-5a4c-4d7e-8b1c-6a9f2c5e3b7d,0,500,167,3500.67,EA,17099629-5434-4676-b81d-c448ce221b73
cbbb2d47-02be-4047-8aff-59a4e83c4fb7,10000000063,b7e5c2d9-4a3b-4f8e-9c1d-2f6a7e5b3c9d,0,500,64,3394.27,EA,17099629-5434-4676-b81d-c448ce221b73
b6f4167b-868c-433d-a88d-c21da42e0bbc,10000000064,d3e1f9b2-6a5c-4d7e-8c3b-5f9a2b4c1e7d,0,500,438,943.16,EA,17099629-5434-4676-b81d-c448ce221b73
c4c3975d-8d06-4dbe-87fb-248c1044a8ea,10000000065,b7e5c2d9-4a3b-4f8e-9c1d-2f6a7e5b3c9d,0,500,434,2133.07,EA,17099629-5434-4676-b81d-c448ce221b73
abff6281-8e23-4109-93c6-5e2c464d0976,10000000066,d2f3e1b9-5a4c-4d7e-8b1c-6a9f2c5e3b7d,0,500,414,2128.11,EA,17099629-5434-4676-b81d-c448ce221b73
1ddcc0b2-7f24-4320-a8fc-96a50b44b066,10000000067,c4b7e9d3-2a5f-4c8e-9d1b-6f2a7c5e3d9b,0,500,121,4862.86,EA,17099629-5434-4676-b81d-c448ce221b73
41d458d1-1bc8-4c83-bd56-14e36bb5bd37,10000000068,c4b7e9d3-2a5f-4c8e-9d1b-6f2a7c5e3d9b,0,500,218,3143.08,EA,17099629-5434-4676-b81d-c448ce221b73
a9b91441-9376-4c25-adf9-3041fd1ecc8e,10000000069,c5e9d2a3-4b7f-4e8c-9a1d-2f6b3e7c5a9d,0,500,142,376.64,EA,17099629-5434-4676-b81d-c448ce221b73
b0bab539-e644-4bdb-b640-cbbef9a14d0f,10000000070,e1f9d3b2-6a5c-4d7e-8b3a-5c2f7e9a4d1b,0,500,206,4252.78,EA,17099629-5434-4676-b81d-c448ce221b73
a29e48c9-ab58-42ea-be48-a3f548d1b1e2,10000000071,d2f3e1b9-5a4c-4d7e-8b1c-6a9f2c5e3b7d,0,500,18,2123.58,EA,17099629-5434-4676-b81d-c448ce221b73
77495b2a-207d-441e-a5df-d12deeb18421,10000000072,c5e9d2a3-4b7f-4e8c-9a1d-2f6b3e7c5a9d,0,500,488,2341.66,EA,17099629-5434-4676-b81d-c448ce221b73
2c286e38-efce-4532-aff5-3f2df1f626eb,10000000073,ab5c9e8d-7f2a-4b3c-b6d1-3a7e5f9c2b4d,0,500,68,3220.72,EA,17099629-5434-4676-b81d-c448ce221b73
7efa6563-c6a8-4ae0-ae62-e6217a1cf57a,10000000074,a9e7c2b5-4d3f-4e8a-7b1c-5f2d6c9e3a7b,0,500,69,2580.41,EA,17099629-5434-4676-b81d-c448ce221b73
565605d8-e0ff-4749-92fb-266415ce55df,10000000075,c4b7e9d3-2a5f-4c8e-9d1b-6f2a7c5e3d9b,0,500,334,3790.21,EA,17099629-5434-4676-b81d-c448ce221b73
e58f8811-03d3-481b-b749-fb2c7554acc7,10000000076,c4b7e9d3-2a5f-4c8e-9d1b-6f2a7c5e3d9b,0,500,454,3762.14,EA,17099629-5434-4676-b81d-c448ce221b73
bcc8a8e5-6919-4750-95ad-5d09264406e1,10000000077,a9e7c2b5-4d3f-4e8a-7b1c-5f2d6c9e3a7b,0,500,86,91.52,EA,17099629-5434-4676-b81d-c448ce221b73
a5c69be9-19e9-495c-8755-fc9338397c72,10000000078,c5e9d2a3-4b7f-4e8c-9a1d-2f6b3e7c5a9d,0,500,161,1626.81,EA,17099629-5434-4676-b81d-c448ce221b73
db6eefb8-33b8-4e9a-b13c-adeff131853d,10000000079,e6f1d2c3-9a5b-4e8d-7c3a-2b4f9e7d5c1a,0,500,385,3286.35,EA,17099629-5434-4676-b81d-c448ce221b73
d85ec8c5-a0cd-4686-8393-42ecbe4db784,10000000080,ab5c9e8d-7f2a-4b3c-b6d1-3a7e5f9c2b4d,0,500,458,401.04,EA,17099629-5434-4676-b81d-c448ce221b73
cc76f7fe-d340-420e-a505-7c856118c1fd,10000000081,e1f9d3b2-6a5c-4d7e-8b3a-5c2f7e9a4d1b,0,500,79,3114.84,EA,17099629-5434-4676-b81d-c448ce221b73
f148e396-ff55-434a-af90-1ed8ba0ee2a3,10000000082,b6c2e9a3-4d5f-4e8b-7c1a-3f9d7e5b2c4a,0,500,430,4766.39,EA,17099629-5434-4676-b81d-c448ce221b73
6a20e56c-1821-46b0-9ef9-55dcaa3e0aaf,10000000083,e6f1d2c3-9a5b-4e8d-7c3a-2b4f9e7d5c1a,0,500,358,260.86,EA,17099629-5434-4676-b81d-c448ce221b73
332f4018-a58f-4ff2-92fb-58b21b1ec440,10000000084,c5e9d2a3-4b7f-4e8c-9a1d-2f6b3e7c5a9d,0,500,351,1851.31,EA,17099629-5434-4676-b81d-c448ce221b73
61c3ed09-82e3-438d-a5b4-88443d14f378,10000000085,d2f3e1b9-5a4c-4d7e-8b1c-6a9f2c5e3b7d,0,500,265,3818.54,EA,17099629-5434-4676-b81d-c448ce221b73
5df0e02f-b3a3-4d2b-a6c7-7db8a1449d11,10000000086,b6c2e9a3-4d5f-4e8b-7c1a-3f9d7e5b2c4a,0,500,482,4307.74,EA,17099629-5434-4676-b81d-c448ce221b73
37864f05-cd3d-4477-a9a2-19f862456fff,10000000087,c4b7e9d3-2a5f-4c8e-9d1b-6f2a7c5e3d9b,0,500,379,4438.46,EA,17099629-5434-4676-b81d-c448ce221b73
f5d7fc4a-bd7b-4581-a227-75ce26fb0c98,10000000088,ab5c9e8d-7f2a-4b3c-b6d1-3a7e5f9c2b4d,0,500,407,1264.73,EA,17099629-5434-4676-b81d-c448ce221b73
41b63e59-b572-4e01-98d8-58bc2e474942,10000000089,d3e1f9b2-6a5c-4d7e-8c3b-5f9a2b4c1e7d,0,500,194,3528.25,EA,17099629-5434-4676-b81d-c448ce221b73
cbf9c028-5dfe-4d9e-9702-3dd2ad8dd47a,10000000090,c5e9d2a3-4b7f-4e8c-9a1d-2f6b3e7c5a9d,0,500,206,4802.04,EA,17099629-5434-4676-b81d-c448ce221b73
30d8ea24-f699-4d61-b83e-5983559e9350,10000000091,c5e9d2a3-4b7f-4e8c-9a1d-2f6b3e7c5a9d,0,500,255,4625.67,EA,e064de14-74b9-43c0-9102-ba53ab8cb63f
a0df0afe-caab-45a5-a5aa-6edbaecd194f,10000000092,c5e9d2a3-4b7f-4e8c-9a1d-2f6b3e7c5a9d,0,500,241,3775.42,EA,e064de14-74b9-43c0-9102-ba53ab8cb63f
88ad4890-a5f9-4300-864f-f0cad4ba1ce5,10000000093,e6f1d2c3-9a5b-4e8d-7c3a-2b4f9e7d5c1a,0,500,439,4623.81,EA,e064de14-74b9-43c0-9102-ba53ab8cb63f
466e58fe-d0db-426c-866f-a1f6f0e21460,10000000094,a9e7c2b5-4d3f-4e8a-7b1c-5f2d6c9e3a7b,0,500,169,1195.08,EA,e064de14-74b9-43c0-9102-ba53ab8cb63f
db2171ba-f1a9-445b-b1eb-fc8600a5e0e2,10000000095,d2f3e1b9-5a4c-4d7e-8b1c-6a9f2c5e3b7d,0,500,386,3035.92,EA,e064de14-74b9-43c0-9102-ba53ab8cb63f
085dc58c-dda7-40b7-94d7-1a680b6e0094,10000000096,ab5c9e8d-7f2a-4b3c-b6d1-3a7e5f9c2b4d,0,500,448,1062.43,EA,e064de14-74b9-43c0-9102-ba53ab8cb63f
fbf2359b-883c-4f38-9f70-a5a4855ee353,10000000097,b7e5c2d9-4a3b-4f8e-9c1d-2f6a7e5b3c9d,0,500,107,3874.08,EA,e064de14-74b9-43c0-9102-ba53ab8cb63f
3902cf58-e460-4bed-8ed0-4d249d761cdd,10000000098,c4b7e9d3-2a5f-4c8e-9d1b-6f2a7c5e3d9b,0,500,343,3553.47,EA,e064de14-74b9-43c0-9102-ba53ab8cb63f
4252d5da-56b4-4f4c-a613-ffd902cc404d,10000000099,ab5c9e8d-7f2a-4b3c-b6d1-3a7e5f9c2b4d,0,500,1,3474.13,EA,e064de14-74b9-43c0-9102-ba53ab8cb63f
af05a2b9-f88e-4e4b-ae75-c225294ab814,10000000100,b7e5c2d9-4a3b-4f8e-9c1d-2f6a7e5b3c9d,0,500,231,1668.74,EA,e064de14-74b9-43c0-9102-ba53ab8cb63f
8075eb07-9e2a-429a-9d50-4c3fb057f478,10000000101,b6c2e9a3-4d5f-4e8b-7c1a-3f9d7e5b2c4a,0,500,27,3822.72,EA,e064de14-74b9-43c0-9102-ba53ab8cb63f
bad7fbee-dad8-4173-b860-1044ef9b1077,10000000102,d3e1f9b2-6a5c-4d7e-8c3b-5f9a2b4c1e7d,0,500,165,1664.18,EA,e064de14-74b9-43c0-9102-ba53ab8cb63f
6c6eccaf-0f49-47bf-a580-c7ce49892e6d,10000000103,ab5c9e8d-7f2a-4b3c-b6d1-3a7e5f9c2b4d,0,500,220,3618.69,EA,e064de14-74b9-43c0-9102-ba53ab8cb63f
941d12a3-5e03-4c73-a7f5-a481f58313bc,10000000104,ab5c9e8d-7f2a-4b3c-b6d1-3a7e5f9c2b4d,0,500,187,1589.13,EA,e064de14-74b9-43c0-9102-ba53ab8cb63f
cf7d27ef-113f-4287-9ac5-eeed4539fd8e,10000000105,e1f9d3b2-6a5c-4d7e-8b3a-5c2f7e9a4d1b,0,500,396,1863.09,EA,e064de14-74b9-43c0-9102-ba53ab8cb63f
acdab76a-182c-4779-86d4-fa752aca587b,10000000106,d2f3e1b9-5a4c-4d7e-8b1c-6a9f2c5e3b7d,0,500,327,1158.23,EA,e064de14-74b9-43c0-9102-ba53ab8cb63f
45b70d72-912e-480b-a5e2-908737717565,10000000107,c5e9d2a3-4b7f-4e8c-9a1d-2f6b3e7c5a9d,0,500,144,3177.72,EA,e064de14-74b9-43c0-9102-ba53ab8cb63f
6504fc67-5170-47c2-9505-3b0272524dd2,10000000108,c5e9d2a3-4b7f-4e8c-9a1d-2f6b3e7c5a9d,0,500,170,3162.14,EA,e064de14-74b9-43c0-9102-ba53ab8cb63f
b6f9ff3c-eace-458f-825e-edea59f17787,10000000109,b6c2e9a3-4d5f-4e8b-7c1a-3f9d7e5b2c4a,0,500,103,2341.05,EA,e064de14-74b9-43c0-9102-ba53ab8cb63f
c0bee3e1-6415-4dd3-9f16-85dc1114e718,10000000110,ab5c9e8d-7f2a-4b3c-b6d1-3a7e5f9c2b4d,0,500,307,739.15,EA,e064de14-74b9-43c0-9102-ba53ab8cb63f
479a8aab-4237-4015-baeb-19e7b73ec5a8,10000000111,e6f1d2c3-9a5b-4e8d-7c3a-2b4f9e7d5c1a,0,500,471,952.56,EA,e064de14-74b9-43c0-9102-ba53ab8cb63f
b4823c09-3a3f-4a2a-8487-c94433eb645d,10000000112,d3e1f9b2-6a5c-4d7e-8c3b-5f9a2b4c1e7d,0,500,156,1222.47,EA,e064de14-74b9-43c0-9102-ba53ab8cb63f
a01e6590-c985-4be2-a7a6-05595f0b2cd2,10000000113,a9e7c2b5-4d3f-4e8a-7b1c-5f2d6c9e3a7b,0,500,18,4633.35,EA,e064de14-74b9-43c0-9102-ba53ab8cb63f
f8d5a903-6fb0-499f-af69-cec35e9e4dff,10000000114,e1f9d3b2-6a5c-4d7e-8b3a-5c2f7e9a4d1b,0,500,418,4225.04,EA,e064de14-74b9-43c0-9102-ba53ab8cb63f
7a7b6bd5-e9c8-4f3a-872a-b7ff0e35a49b,10000000115,d2f3e1b9-5a4c-4d7e-8b1c-6a9f2c5e3b7d,0,500,430,2803.75,EA,e064de14-74b9-43c0-9102-ba53ab8cb63f
511b5cb9-0576-406a-97e5-1504e3bb73a2,10000000116,b6c2e9a3-4d5f-4e8b-7c1a-3f9d7e5b2c4a,0,500,359,4980.59,EA,e064de14-74b9-43c0-9102-ba53ab8cb63f
2b951eb5-3fdd-46f4-8eb3-a189bc46e7bc,10000000117,d3e1f9b2-6a5c-4d7e-8c3b-5f9a2b4c1e7d,0,500,238,2316.56,EA,e064de14-74b9-43c0-9102-ba53ab8cb63f
be57a5d7-2797-4836-8dd6-651de5711638,10000000118,c4b7e9d3-2a5f-4c8e-9d1b-6f2a7c5e3d9b,0,500,409,3413.78,EA,e064de14-74b9-43c0-9102-ba53ab8cb63f
bbb7a3ca-dca8-4d83-9c89-9767a05a4ea8,10000000119,c5e9d2a3-4b7f-4e8c-9a1d-2f6b3e7c5a9d,0,500,190,1519.07,EA,e064de14-74b9-43c0-9102-ba53ab8cb63f
d1804734-0846-471d-9c82-3a4897ec0c2b,10000000120,c5e9d2a3-4b7f-4e8c-9a1d-2f6b3e7c5a9d,0,500,345,2920.99,EA,e064de14-74b9-43c0-9102-ba53ab8cb63f
c4f40020-16c4-4725-b951-42ceb2923c8b,10000000121,d2f3e1b9-5a4c-4d7e-8b1c-6a9f2c5e3b7d,0,500,351,590.18,EA,81977ccd-abcc-49ee-8b26-406689e6b195
56678443-56e0-41dd-8d3b-ad7c84664725,10000000122,e1f9d3b2-6a5c-4d7e-8b3a-5c2f7e9a4d1b,0,500,427,2989.62,EA,81977ccd-abcc-49ee-8b26-406689e6b195
cf4ce6cc-89fa-4b94-97ff-19cd4fd28419,10000000123,e6f1d2c3-9a5b-4e8d-7c3a-2b4f9e7d5c1a,0,500,478,562.99,EA,81977ccd-abcc-49ee-8b26-406689e6b195
4c749519-72cf-4a98-9882-7e81db76dd03,10000000124,b7e5c2d9-4a3b-4f8e-9c1d-2f6a7e5b3c9d,0,500,244,4301.23,EA,81977ccd-abcc-49ee-8b26-406689e6b195
1253137b-5c7f-4447-a523-3aa7cbe7f87b,10000000125,a9e7c2b5-4d3f-4e8a-7b1c-5f2d6c9e3a7b,0,500,116,1218.87,EA,81977ccd-abcc-49ee-8b26-406689e6b195
721387e0-b7d1-4d90-8b20-fbfbbe408f41,10000000126,a9e7c2b5-4d3f-4e8a-7b1c-5f2d6c9e3a7b,0,500,421,4267.01,EA,81977ccd-abcc-49ee-8b26-406689e6b195
90c6a983-516e-4a03-a30d-002bc5699660,10000000127,d3e1f9b2-6a5c-4d7e-8c3b-5f9a2b4c1e7d,0,500,12,1847.95,EA,81977ccd-abcc-49ee-8b26-406689e6b195
df0b71bf-0426-45d5-99c0-255b3996f4ce,10000000128,b7e5c2d9-4a3b-4f8e-9c1d-2f6a7e5b3c9d,0,500,242,4137.83,EA,81977ccd-abcc-49ee-8b26-406689e6b195
3311dbc4-d9f1-487d-ab0f-0b74938c15cf,10000000129,b6c2e9a3-4d5f-4e8b-7c1a-3f9d7e5b2c4a,0,500,369,1408.45,EA,81977ccd-abcc-49ee-8b26-406689e6b195
1118f459-6d9e-48c1-8cf4-3b8c6fdcb238,10000000130,e1f9d3b2-6a5c-4d7e-8b3a-5c2f7e9a4d1b,0,500,68,4473.01,EA,81977ccd-abcc-49ee-8b26-406689e6b195
539b0c87-9e9a-49b4-962f-c8b461049102,10000000131,b7e5c2d9-4a3b-4f8e-9c1d-2f6a7e5b3c9d,0,500,268,344.86,EA,81977ccd-abcc-49ee-8b26-406689e6b195
b03f3123-2ac0-477b-b17f-46ff9710b5c8,10000000132,c4b7e9d3-2a5f-4c8e-9d1b-6f2a7c5e3d9b,0,500,30,2846.91,EA,81977ccd-abcc-49ee-8b26-406689e6b195
daf9a326-26b0-4208-accc-d6ce73576af8,10000000133,b7e5c2d9-4a3b-4f8e-9c1d-2f6a7e5b3c9d,0,500,447,4714.73,EA,81977ccd-abcc-49ee-8b26-406689e6b195
0dfb50ba-560a-44b0-a24c-a3922de51f5b,10000000134,e1f9d3b2-6a5c-4d7e-8b3a-5c2f7e9a4d1b,0,500,219,2257.54,EA,81977ccd-abcc-49ee-8b26-406689e6b195
a6899b16-87a4-419b-86e8-86784c3d90f8,10000000135,d3e1f9b2-6a5c-4d7e-8c3b-5f9a2b4c1e7d,0,500,349,3973.21,EA,81977ccd-abcc-49ee-8b26-406689e6b195
3e36acd6-9e27-4782-89c6-935829053483,10000000136,e6f1d2c3-9a5b-4e8d-7c3a-2b4f9e7d5c1a,0,500,18,3122.73,EA,81977ccd-abcc-49ee-8b26-406689e6b195
ab687b7c-9a08-41c9-846c-16c9e023cfdd,10000000137,b7e5c2d9-4a3b-4f8e-9c1d-2f6a7e5b3c9d,0,500,438,277.38,EA,81977ccd-abcc-49ee-8b26-406689e6b195
62ca450b-f3bb-425a-b2ce-d668e91d8144,10000000138,ab5c9e8d-7f2a-4b3c-b6d1-3a7e5f9c2b4d,0,500,363,3767.21,EA,81977ccd-abcc-49ee-8b26-406689e6b195
566efc14-9217-43e4-ab41-0464c90418b3,10000000139,c5e9d2a3-4b7f-4e8c-9a1d-2f6b3e7c5a9d,0,500,391,785.53,EA,81977ccd-abcc-49ee-8b26-406689e6b195
6f13947c-9dc3-47b5-b6ab-7a28e9046091,10000000140,ab5c9e8d-7f2a-4b3c-b6d1-3a7e5f9c2b4d,0,500,222,250.76,EA,81977ccd-abcc-49ee-8b26-406689e6b195
c0aad559-4cfb-40ba-9315-11fd8c6528b2,10000000141,d3e1f9b2-6a5c-4d7e-8c3b-5f9a2b4c1e7d,0,500,192,4350.78,EA,81977ccd-abcc-49ee-8b26-406689e6b195
8872b981-55e2-4f32-a8e1-e9bad53c8d9a,10000000142,d3e1f9b2-6a5c-4d7e-8c3b-5f9a2b4c1e7d,0,500,361,2771.82,EA,81977ccd-abcc-49ee-8b26-406689e6b195
54ad086a-a4ea-4539-adc1-78b999609c48,10000000143,d2f3e1b9-5a4c-4d7e-8b1c-6a9f2c5e3b7d,0,500,109,413.78,EA,81977ccd-abcc-49ee-8b26-406689e6b195
e883c6fb-f4bd-4eeb-8eea-59206fe2da5b,10000000144,d3e1f9b2-6a5c-4d7e-8c3b-5f9a2b4c1e7d,0,500,345,2544.57,EA,81977ccd-abcc-49ee-8b26-406689e6b195
9d79114c-853d-4dd2-b21d-881ce3e167d1,10000000145,b6c2e9a3-4d5f-4e8b-7c1a-3f9d7e5b2c4a,0,500,212,2855.92,EA,81977ccd-abcc-49ee-8b26-406689e6b195
7bec46e8-730a-412b-9c8a-1b6bc3c594c9,10000000146,b6c2e9a3-4d5f-4e8b-7c1a-3f9d7e5b2c4a,0,500,69,161.74,EA,81977ccd-abcc-49ee-8b26-406689e6b195
0cca4cb1-da6e-432b-beaa-ddafbb1615f8,10000000147,d2f3e1b9-5a4c-4d7e-8b1c-6a9f2c5e3b7d,0,500,56,207.57,EA,81977ccd-abcc-49ee-8b26-406689e6b195
549f99e1-28a0-482f-8824-eeef54875f14,10000000148,a9e7c2b5-4d3f-4e8a-7b1c-5f2d6c9e3a7b,0,500,284,4575.17,EA,81977ccd-abcc-49ee-8b26-406689e6b195
0f1a25cd-a189-4467-b9f3-7cc3cdbd9853,10000000149,c5e9d2a3-4b7f-4e8c-9a1d-2f6b3e7c5a9d,0,500,229,4312.82,EA,81977ccd-abcc-49ee-8b26-406689e6b195
248e8c28-b02c-46fa-b667-c705a959404f,10000000150,d3e1f9b2-6a5c-4d7e-8c3b-5f9a2b4c1e7d,0,500,500,765.05,EA,81977ccd-abcc-49ee-8b26-406689e6b195
824b6119-ae87-424f-a213-64e4f36c3244,10000000151,d3e1f9b2-6a5c-4d7e-8c3b-5f9a2b4c1e7d,0,500,144,2830.13,EA,940eae1a-a58f-48b2-8112-959048c0fd2a
4d69ab97-d668-42c8-a592-0433c4e5cbd7,10000000152,ab5c9e8d-7f2a-4b3c-b6d1-3a7e5f9c2b4d,0,500,153,1057.54,EA,940eae1a-a58f-48b2-8112-959048c0fd2a
ed4c60b5-d753-4212-a580-715426084b9e,10000000153,e6f1d2c3-9a5b-4e8d-7c3a-2b4f9e7d5c1a,0,500,138,827.04,EA,940eae1a-a58f-48b2-8112-959048c0fd2a
7b77e022-7da1-4425-9268-979556ae11a0,10000000154,b7e5c2d9-4a3b-4f8e-9c1d-2f6a7e5b3c9d,0,500,390,1883.59,EA,940eae1a-a58f-48b2-8112-959048c0fd2a
f9fc5c40-8847-4899-8062-067c9aa1699c,10000000155,b6c2e9a3-4d5f-4e8b-7c1a-3f9d7e5b2c4a,0,500,262,3248.56,EA,940eae1a-a58f-48b2-8112-959048c0fd2a
8f10f67a-bef3-4415-83f8-6001bb085e47,10000000156,a9e7c2b5-4d3f-4e8a-7b1c-5f2d6c9e3a7b,0,500,117,7.02,EA,940eae1a-a58f-48b2-8112-959048c0fd2a
f8c1750f-106f-4d23-b2d8-4db802a867be,10000000157,c5e9d2a3-4b7f-4e8c-9a1d-2f6b3e7c5a9d,0,500,92,883.87,EA,940eae1a-a58f-48b2-8112-959048c0fd2a
44fbcf19-9fa4-4aff-b85d-6da344dc534f,10000000158,c4b7e9d3-2a5f-4c8e-9d1b-6f2a7c5e3d9b,0,500,354,4460.23,EA,940eae1a-a58f-48b2-8112-959048c0fd2a
3598905c-708f-46a6-8273-6b246f997cf8,10000000159,b7e5c2d9-4a3b-4f8e-9c1d-2f6a7e5b3c9d,0,500,231,2178.78,EA,940eae1a-a58f-48b2-8112-959048c0fd2a
85d21dfb-e6fa-4504-ba75-e5325afa846f,10000000160,e6f1d2c3-9a5b-4e8d-7c3a-2b4f9e7d5c1a,0,500,89,2073.24,EA,940eae1a-a58f-48b2-8112-959048c0fd2a
7a352720-2571-477a-afe6-9937b9012376,10000000161,d2f3e1b9-5a4c-4d7e-8b1c-6a9f2c5e3b7d,0,500,202,4679.67,EA,940eae1a-a58f-48b2-8112-959048c0fd2a
8e5dcc67-f9f9-4811-9767-68129b184d46,10000000162,ab5c9e8d-7f2a-4b3c-b6d1-3a7e5f9c2b4d,0,500,143,2097.45,EA,940eae1a-a58f-48b2-8112-959048c0fd2a
cf151dac-802c-4bcd-b080-5dc53e1ec3f0,10000000163,d2f3e1b9-5a4c-4d7e-8b1c-6a9f2c5e3b7d,0,500,164,4631.87,EA,940eae1a-a58f-48b2-8112-959048c0fd2a
500de824-471d-46e4-8ddd-4e2f7c90b954,10000000164,c4b7e9d3-2a5f-4c8e-9d1b-6f2a7c5e3d9b,0,500,311,3612.55,EA,940eae1a-a58f-48b2-8112-959048c0fd2a
ba5a3598-8bd6-4c86-89a4-8090c70d2b2f,10000000165,b7e5c2d9-4a3b-4f8e-9c1d-2f6a7e5b3c9d,0,500,383,669.43,EA,940eae1a-a58f-48b2-8112-959048c0fd2a
6905baca-a65b-4ea3-bd6c-d60a7cfd44b5,10000000166,c4b7e9d3-2a5f-4c8e-9d1b-6f2a7c5e3d9b,0,500,13,3113.65,EA,940eae1a-a58f-48b2-8112-959048c0fd2a
4238c440-5364-4d70-b733-c84b1ff75922,10000000167,d2f3e1b9-5a4c-4d7e-8b1c-6a9f2c5e3b7d,0,500,42,4943.65,EA,940eae1a-a58f-48b2-8112-959048c0fd2a
2a458740-7c08-47e5-ae6f-628c9417d08d,10000000168,ab5c9e8d-7f2a-4b3c-b6d1-3a7e5f9c2b4d,0,500,17,447.92,EA,940eae1a-a58f-48b2-8112-959048c0fd2a
843e1e0f-04ce-41b2-877d-45ba69ac5c11,10000000169,c5e9d2a3-4b7f-4e8c-9a1d-2f6b3e7c5a9d,0,500,224,1358.54,EA,940eae1a-a58f-48b2-8112-959048c0fd2a
d2b90ede-2702-4671-b7e2-96ba305a4ab4,10000000170,a9e7c2b5-4d3f-4e8a-7b1c-5f2d6c9e3a7b,0,500,83,540.66,EA,940eae1a-a58f-48b2-8112-959048c0fd2a
b5673f9f-56e4-4cdc-a624-c4f029d90df2,10000000171,b7e5c2d9-4a3b-4f8e-9c1d-2f6a7e5b3c9d,0,500,297,404.36,EA,940eae1a-a58f-48b2-8112-959048c0fd2a
bd031eda-35f4-462c-bdcd-a81a6520f5b0,10000000172,ab5c9e8d-7f2a-4b3c-b6d1-3a7e5f9c2b4d,0,500,351,3572.95,EA,940eae1a-a58f-48b2-8112-959048c0fd2a
44b26ec9-bef4-491d-bdfd-469c788da346,10000000173,d2f3e1b9-5a4c-4d7e-8b1c-6a9f2c5e3b7d,0,500,107,352.78,EA,940eae1a-a58f-48b2-8112-959048c0fd2a
305f994a-c3fb-4375-9701-567896c565c3,10000000174,e6f1d2c3-9a5b-4e8d-7c3a-2b4f9e7d5c1a,0,500,452,561.01,EA,940eae1a-a58f-48b2-8112-959048c0fd2a
59f8377a-c55d-44c7-9842-490eb99c0ea4,10000000175,b7e5c2d9-4a3b-4f8e-9c1d-2f6a7e5b3c9d,0,500,154,1611.66,EA,940eae1a-a58f-48b2-8112-959048c0fd2a
0d7cbca6-9a97-4735-9e11-7fca1d324eed,10000000176,b6c2e9a3-4d5f-4e8b-7c1a-3f9d7e5b2c4a,0,500,130,346.04,EA,940eae1a-a58f-48b2-8112-959048c0fd2a
c8fa90b9-f6cb-4f03-b08a-22dd6bf020aa,10000000177,ab5c9e8d-7f2a-4b3c-b6d1-3a7e5f9c2b4d,0,500,292,3657.36,EA,940eae1a-a58f-48b2-8112-959048c0fd2a
f2fa707a-5d51-4d81-98d8-b1ced0a9ccbb,10000000178,e1f9d3b2-6a5c-4d7e-8b3a-5c2f7e9a4d1b,0,500,203,4034.53,EA,940eae1a-a58f-48b2-8112-959048c0fd2a
22cfaa67-bbb0-4ce2-8014-4db6eb7f278a,10000000179,ab5c9e8d-7f2a-4b3c-b6d1-3a7e5f9c2b4d,0,500,223,1429.66,EA,940eae1a-a58f-48b2-8112-959048c0fd2a
00cb4382-7f51-4639-ad6e-222e0fdf9457,10000000180,a9e7c2b5-4d3f-4e8a-7b1c-5f2d6c9e3a7b,0,500,1,3736.65,EA,940eae1a-a58f-48b2-8112-959048c0fd2a
02136f48-8bcb-4813-a3b6-37272236bf6c,10000000181,a9e7c2b5-4d3f-4e8a-7b1c-5f2d6c9e3a7b,0,500,360,4104.82,EA,727b9e1f-3116-4871-a88c-e1a171529aa4
dd2a8c3a-d974-4e1d-ad26-16b18550aa02,10000000182,e1f9d3b2-6a5c-4d7e-8b3a-5c2f7e9a4d1b,0,500,123,2583.66,EA,727b9e1f-3116-4871-a88c-e1a171529aa4
a27162f1-6bc4-4f90-8777-b90976558f4d,10000000183,d2f3e1b9-5a4c-4d7e-8b1c-6a9f2c5e3b7d,0,500,325,4401.16,EA,727b9e1f-3116-4871-a88c-e1a171529aa4
3026ec1d-625e-4a58-a793-3fe5b62dfadc,10000000184,d2f3e1b9-5a4c-4d7e-8b1c-6a9f2c5e3b7d,0,500,45,4241.46,EA,727b9e1f-3116-4871-a88c-e1a171529aa4
6ec4b0f6-7cf6-4103-8cc6-b972203eee08,10000000185,e1f9d3b2-6a5c-4d7e-8b3a-5c2f7e9a4d1b,0,500,281,2158.02,EA,727b9e1f-3116-4871-a88c-e1a171529aa4
3fe1b4df-1366-4f3e-bc9f-df2d082b6879,10000000186,c5e9d2a3-4b7f-4e8c-9a1d-2f6b3e7c5a9d,0,500,127,854.23,EA,727b9e1f-3116-4871-a88c-e1a171529aa4
c2ddcbac-8a7c-4347-a16f-57a54c88505b,10000000187,c5e9d2a3-4b7f-4e8c-9a1d-2f6b3e7c5a9d,0,500,175,185.91,EA,727b9e1f-3116-4871-a88c-e1a171529aa4
2f60198a-d355-4235-8965-2e30442a838b,10000000188,b7e5c2d9-4a3b-4f8e-9c1d-2f6a7e5b3c9d,0,500,260,3465.14,EA,727b9e1f-3116-4871-a88c-e1a171529aa4
d26a1daf-4ac4-4e54-b9a5-48307253e003,10000000189,d3e1f9b2-6a5c-4d7e-8c3b-5f9a2b4c1e7d,0,500,460,1741.52,EA,727b9e1f-3116-4871-a88c-e1a171529aa4
68ebadcb-1fbc-42ce-a171-b3728ab3f8c1,10000000190,d3e1f9b2-6a5c-4d7e-8c3b-5f9a2b4c1e7d,0,500,400,865.06,EA,727b9e1f-3116-4871-a88c-e1a171529aa4
cbf772e8-17bf-4d9d-be95-37a19fd0c221,10000000191,e6f1d2c3-9a5b-4e8d-7c3a-2b4f9e7d5c1a,0,500,303,4451.98,EA,727b9e1f-3116-4871-a88c-e1a171529aa4
3752d3c2-3ec2-422b-9935-3097b02ad200,10000000192,b6c2e9a3-4d5f-4e8b-7c1a-3f9d7e5b2c4a,0,500,19,3252.57,EA,727b9e1f-3116-4871-a88c-e1a171529aa4
fd4f9035-d378-43f4-befc-05ccbccd5f47,10000000193,c4b7e9d3-2a5f-4c8e-9d1b-6f2a7c5e3d9b,0,500,389,3929.89,EA,727b9e1f-3116-4871-a88c-e1a171529aa4
00819d80-6b03-4988-9eb6-b06c69c1e75b,10000000194,c4b7e9d3-2a5f-4c8e-9d1b-6f2a7c5e3d9b,0,500,319,1374.02,EA,727b9e1f-3116-4871-a88c-e1a171529aa4
cd793692-6beb-44ce-b5df-a80237f2253a,10000000195,c4b7e9d3-2a5f-4c8e-9d1b-6f2a7c5e3d9b,0,500,369,3104.96,EA,727b9e1f-3116-4871-a88c-e1a171529aa4
f70c8f67-4312-4257-afc8-693b907e84d7,10000000196,b6c2e9a3-4d5f-4e8b-7c1a-3f9d7e5b2c4a,0,500,221,1032.94,EA,727b9e1f-3116-4871-a88c-e1a171529aa4
406e0177-ddb1-427f-aa92-dcfd52bbee80,10000000197,c5e9d2a3-4b7f-4e8c-9a1d-2f6b3e7c5a9d,0,500,301,615.63,EA,727b9e1f-3116-4871-a88c-e1a171529aa4
94164c8d-d3e9-451c-8e15-5d452898868b,10000000198,b7e5c2d9-4a3b-4f8e-9c1d-2f6a7e5b3c9d,0,500,323,551.12,EA,727b9e1f-3116-4871-a88c-e1a171529aa4
b4c941ba-0202-440f-8c14-5d6769063af7,10000000199,e6f1d2c3-9a5b-4e8d-7c3a-2b4f9e7d5c1a,0,500,489,1597.38,EA,727b9e1f-3116-4871-a88c-e1a171529aa4
d32f4eef-2ef3-40ca-b4b5-36672ee46cd3,10000000200,a9e7c2b5-4d3f-4e8a-7b1c-5f2d6c9e3a7b,0,500,260,548.01,EA,727b9e1f-3116-4871-a88c-e1a171529aa4
759f9ec8-21ee-4cef-8863-a6345a91108f,10000000201,b7e5c2d9-4a3b-4f8e-9c1d-2f6a7e5b3c9d,0,500,82,2567.47,EA,727b9e1f-3116-4871-a88c-e1a171529aa4
8e4510ef-e046-4846-8563-3cf4b0294d90,10000000202,d3e1f9b2-6a5c-4d7e-8c3b-5f9a2b4c1e7d,0,500,295,3501.06,EA,727b9e1f-3116-4871-a88c-e1a171529aa4
b9f68146-2997-4625-bd53-3de4e3647af9,10000000203,d2f3e1b9-5a4c-4d7e-8b1c-6a9f2c5e3b7d,0,500,24,3713.46,EA,727b9e1f-3116-4871-a88c-e1a171529aa4
2cade685-8d6b-4281-8b1b-d39e0afca066,10000000204,b7e5c2d9-4a3b-4f8e-9c1d-2f6a7e5b3c9d,0,500,156,7.86,EA,727b9e1f-3116-4871-a88c-e1a171529aa4
69dfbb1d-e242-4b81-8bf2-9b6141ee29e2,10000000205,e6f1d2c3-9a5b-4e8d-7c3a-2b4f9e7d5c1a,0,500,448,1223.18,EA,727b9e1f-3116-4871-a88c-e1a171529aa4
15922d4e-6db1-44ab-9c0f-52af42b5b7d1,10000000206,e1f9d3b2-6a5c-4d7e-8b3a-5c2f7e9a4d1b,0,500,380,4777.67,EA,727b9e1f-3116-4871-a88c-e1a171529aa4
8cf3ccb4-3f5a-461e-9d2a-7ff2d8faea1e,10000000207,d2f3e1b9-5a4c-4d7e-8b1c-6a9f2c5e3b7d,0,500,98,334.71,EA,727b9e1f-3116-4871-a88c-e1a171529aa4
2611c851-dea2-42c0-a1b7-572c1246abe3,10000000208,d3e1f9b2-6a5c-4d7e-8c3b-5f9a2b4c1e7d,0,500,376,3599.12,EA,727b9e1f-3116-4871-a88c-e1a171529aa4
24126811-fb2a-4e7c-8709-ba8b32f9c48b,10000000209,ab5c9e8d-7f2a-4b3c-b6d1-3a7e5f9c2b4d,0,500,261,1160.93,EA,727b9e1f-3116-4871-a88c-e1a171529aa4
6ecbe077-43f4-4031-82a0-856c14900f72,10000000210,b7e5c2d9-4a3b-4f8e-9c1d-2f6a7e5b3c9d,0,500,294,3431.86,EA,727b9e1f-3116-4871-a88c-e1a171529aa4
36d811fc-330e-4f24-bb7a-c1d8393ee714,10000000211,d2f3e1b9-5a4c-4d7e-8b1c-6a9f2c5e3b7d,0,500,158,3507.55,EA,c1ecf4e4-533f-4191-9fae-6a64b8cdc6dc
6bf550cf-a612-47c8-959d-69455addeac1,10000000212,d3e1f9b2-6a5c-4d7e-8c3b-5f9a2b4c1e7d,0,500,147,296.85,EA,c1ecf4e4-533f-4191-9fae-6a64b8cdc6dc
bbcd253a-26aa-4741-8717-dd6ff4852bf9,10000000213,a9e7c2b5-4d3f-4e8a-7b1c-5f2d6c9e3a7b,0,500,297,4787.58,EA,c1ecf4e4-533f-4191-9fae-6a64b8cdc6dc
b10ed0bf-36a1-4f33-abe3-6f29d5ea1950,10000000214,e1f9d3b2-6a5c-4d7e-8b3a-5c2f7e9a4d1b,0,500,321,4514.89,EA,c1ecf4e4-533f-4191-9fae-6a64b8cdc6dc
3434a760-9f59-4dd2-b6fe-45c9fa71e96a,10000000215,b7e5c2d9-4a3b-4f8e-9c1d-2f6a7e5b3c9d,0,500,95,1257.24,EA,c1ecf4e4-533f-4191-9fae-6a64b8cdc6dc
34461982-77d4-4d84-a035-2a349bbb30d1,10000000216,a9e7c2b5-4d3f-4e8a-7b1c-5f2d6c9e3a7b,0,500,89,432.87,EA,c1ecf4e4-533f-4191-9fae-6a64b8cdc6dc
03d31711-0be9-427d-8b59-5cd483086572,10000000217,c5e9d2a3-4b7f-4e8c-9a1d-2f6b3e7c5a9d,0,500,413,2611.91,EA,c1ecf4e4-533f-4191-9fae-6a64b8cdc6dc
a64e7cca-8fcc-4524-88a2-736e1208fa7b,10000000218,c5e9d2a3-4b7f-4e8c-9a1d-2f6b3e7c5a9d,0,500,149,2637.51,EA,c1ecf4e4-533f-4191-9fae-6a64b8cdc6dc
9392f05d-eb0d-42cc-aa8e-46f144586dec,10000000219,b7e5c2d9-4a3b-4f8e-9c1d-2f6a7e5b3c9d,0,500,470,330.42,EA,c1ecf4e4-533f-4191-9fae-6a64b8cdc6dc
177ade74-2182-4fee-8d1b-99344426a9cb,10000000220,b6c2e9a3-4d5f-4e8b-7c1a-3f9d7e5b2c4a,0,500,397,2283.01,EA,c1ecf4e4-533f-4191-9fae-6a64b8cdc6dc
782916c4-6ae0-454c-9109-fa50b4ea8014,10000000221,b7e5c2d9-4a3b-4f8e-9c1d-2f6a7e5b3c9d,0,500,312,80.88,EA,c1ecf4e4-533f-4191-9fae-6a64b8cdc6dc
c70edc3d-1809-4556-b5cd-c1d6ad390c8a,10000000222,b6c2e9a3-4d5f-4e8b-7c1a-3f9d7e5b2c4a,0,500,277,3626.49,EA,c1ecf4e4-533f-4191-9fae-6a64b8cdc6dc
0383080f-4324-4181-b644-5058f40fca98,10000000223,d2f3e1b9-5a4c-4d7e-8b1c-6a9f2c5e3b7d,0,500,230,674.88,EA,c1ecf4e4-533f-4191-9fae-6a64b8cdc6dc
ccc78acb-e270-49a6-b971-c8099b4203e1,10000000224,d3e1f9b2-6a5c-4d7e-8c3b-5f9a2b4c1e7d,0,500,281,1806.01,EA,c1ecf4e4-533f-4191-9fae-6a64b8cdc6dc
7733f66d-29e0-47ef-8a32-9d80276e04c8,10000000225,e6f1d2c3-9a5b-4e8d-7c3a-2b4f9e7d5c1a,0,500,185,3675.51,EA,c1ecf4e4-533f-4191-9fae-6a64b8cdc6dc
c97687c7-07c5-4872-ad51-cba9946ee987,10000000226,b6c2e9a3-4d5f-4e8b-7c1a-3f9d7e5b2c4a,0,500,191,2570.29,EA,c1ecf4e4-533f-4191-9fae-6a64b8cdc6dc
41204df9-8b1f-4e43-889e-0fd9b41bfebd,10000000227,a9e7c2b5-4d3f-4e8a-7b1c-5f2d6c9e3a7b,0,500,330,34.1,EA,c1ecf4e4-533f-4191-9fae-6a64b8cdc6dc
262e8de9-3f74-4f8e-b126-cee6052b72fc,10000000228,a9e7c2b5-4d3f-4e8a-7b1c-5f2d6c9e3a7b,0,500,327,3266.69,EA,c1ecf4e4-533f-4191-9fae-6a64b8cdc6dc
1f940e01-e1f0-48b8-8f51-fe6c6f9a5d7c,10000000229,d3e1f9b2-6a5c-4d7e-8c3b-5f9a2b4c1e7d,0,500,117,1209.56,EA,c1ecf4e4-533f-4191-9fae-6a64b8cdc6dc
29db6c44-31c5-4667-a4f9-27286761798f,10000000230,b6c2e9a3-4d5f-4e8b-7c1a-3f9d7e5b2c4a,0,500,299,653.57,EA,c1ecf4e4-533f-4191-9fae-6a64b8cdc6dc
4380abea-9ebb-4e93-9a62-625618d7e791,10000000231,a9e7c2b5-4d3f-4e8a-7b1c-5f2d6c9e3a7b,0,500,342,1060.72,EA,c1ecf4e4-533f-4191-9fae-6a64b8cdc6dc
ffa21a6e-b929-43f8-a64d-0606b347449c,10000000232,a9e7c2b5-4d3f-4e8a-7b1c-5f2d6c9e3a7b,0,500,379,131.36,EA,c1ecf4e4-533f-4191-9fae-6a64b8cdc6dc
73b70402-ac06-49d1-9018-ff3b825d2ee9,10000000233,a9e7c2b5-4d3f-4e8a-7b1c-5f2d6c9e3a7b,0,500,288,3014.14,EA,c1ecf4e4-533f-4191-9fae-6a64b8cdc6dc
d5ffe494-c3d5-4f1f-9246-64045421b8ee,10000000234,b6c2e9a3-4d5f-4e8b-7c1a-3f9d7e5b2c4a,0,500,93,31.33,EA,c1ecf4e4-533f-4191-9fae-6a64b8cdc6dc
fec47568-6e6b-4015-ac97-ff7aff2d4218,10000000235,e6f1d2c3-9a5b-4e8d-7c3a-2b4f9e7d5c1a,0,500,166,2339.24,EA,c1ecf4e4-533f-4191-9fae-6a64b8cdc6dc
fb7fbb83-ae16-47ee-a111-d1fea9f99f38,10000000236,a9e7c2b5-4d3f-4e8a-7b1c-5f2d6c9e3a7b,0,500,472,1037.56,EA,c1ecf4e4-533f-4191-9fae-6a64b8cdc6dc
f4546b43-1b12-4348-ba30-ec9e306a984a,10000000237,b7e5c2d9-4a3b-4f8e-9c1d-2f6a7e5b3c9d,0,500,59,4755.32,EA,c1ecf4e4-533f-4191-9fae-6a64b8cdc6dc
62af4228-8387-4f25-9ec1-b5f9e294edda,10000000238,d3e1f9b2-6a5c-4d7e-8c3b-5f9a2b4c1e7d,0,500,207,23.39,EA,c1ecf4e4-533f-4191-9fae-6a64b8cdc6dc
3f6e2aa1-85eb-4b7c-9f7d-4a5b0385403a,10000000239,c5e9d2a3-4b7f-4e8c-9a1d-2f6b3e7c5a9d,0,500,325,2805.69,EA,c1ecf4e4-533f-4191-9fae-6a64b8cdc6dc
e63e5872-c62b-4703-968d-0aa10e88a71c,10000000240,d3e1f9b2-6a5c-4d7e-8c3b-5f9a2b4c1e7d,0,500,41,1301.87,EA,c1ecf4e4-533f-4191-9fae-6a64b8cdc6dc
637ee914-5e05-4594-908f-6e96c69e6794,10000000241,e6f1d2c3-9a5b-4e8d-7c3a-2b4f9e7d5c1a,0,500,424,4320.03,EA,ff5739d7-c65e-4fbf-9eb4-083ef5d6ddc6
7619d19a-57d6-4ce8-9f0a-9fe67cc46207,10000000242,b6c2e9a3-4d5f-4e8b-7c1a-3f9d7e5b2c4a,0,500,499,3801.56,EA,ff5739d7-c65e-4fbf-9eb4-083ef5d6ddc6
4d3605ea-9afd-4e7b-9571-e3c2d394e610,10000000243,ab5c9e8d-7f2a-4b3c-b6d1-3a7e5f9c2b4d,0,500,207,1304.54,EA,ff5739d7-c65e-4fbf-9eb4-083ef5d6ddc6
5a1d22a5-2e3b-4871-a9c1-7cc4b289801c,10000000244,c5e9d2a3-4b7f-4e8c-9a1d-2f6b3e7c5a9d,0,500,299,112.44,EA,ff5739d7-c65e-4fbf-9eb4-083ef5d6ddc6
0252b00b-41d3-440e-b7d0-7a4209892023,10000000245,e6f1d2c3-9a5b-4e8d-7c3a-2b4f9e7d5c1a,0,500,361,1948.56,EA,ff5739d7-c65e-4fbf-9eb4-083ef5d6ddc6
16aad230-40b2-4cad-b991-1c085ea61297,10000000246,e6f1d2c3-9a5b-4e8d-7c3a-2b4f9e7d5c1a,0,500,154,304.78,EA,ff5739d7-c65e-4fbf-9eb4-083ef5d6ddc6
e86a7ad9-ec81-435d-8865-155f4ed9fb52,10000000247,ab5c9e8d-7f2a-4b3c-b6d1-3a7e5f9c2b4d,0,500,195,3905.28,EA,ff5739d7-c65e-4fbf-9eb4-083ef5d6ddc6
67fb6929-c47a-4f50-8b4f-abeee77b8b21,10000000248,e1f9d3b2-6a5c-4d7e-8b3a-5c2f7e9a4d1b,0,500,119,2808.86,EA,ff5739d7-c65e-4fbf-9eb4-083ef5d6ddc6
8c44bcda-eb32-441a-bec3-8ef3ba7cfa7b,10000000249,b7e5c2d9-4a3b-4f8e-9c1d-2f6a7e5b3c9d,0,500,468,4444.05,EA,ff5739d7-c65e-4fbf-9eb4-083ef5d6ddc6
9c215560-cb92-45c4-ade9-8587bb254f13,10000000250,b7e5c2d9-4a3b-4f8e-9c1d-2f6a7e5b3c9d,0,500,199,3177.55,EA,ff5739d7-c65e-4fbf-9eb4-083ef5d6ddc6
4f03538c-8d6a-45f0-92db-8432e51a5fb4,10000000251,e6f1d2c3-9a5b-4e8d-7c3a-2b4f9e7d5c1a,0,500,61,4.22,EA,ff5739d7-c65e-4fbf-9eb4-083ef5d6ddc6
52a605b5-84b5-454e-9ce0-aa28ce1bc290,10000000252,b7e5c2d9-4a3b-4f8e-9c1d-2f6a7e5b3c9d,0,500,68,2240.15,EA,ff5739d7-c65e-4fbf-9eb4-083ef5d6ddc6
1b0debdb-7f00-4299-9fae-ddc616ea4ff2,10000000253,ab5c9e8d-7f2a-4b3c-b6d1-3a7e5f9c2b4d,0,500,279,4405.61,EA,ff5739d7-c65e-4fbf-9eb4-083ef5d6ddc6
8f3e2213-ea6f-4726-b5b0-96e123586cce,10000000254,a9e7c2b5-4d3f-4e8a-7b1c-5f2d6c9e3a7b,0,500,2,2557.51,EA,ff5739d7-c65e-4fbf-9eb4-083ef5d6ddc6
7f43a368-1a42-425c-8cda-c2b19ffd469b,10000000255,c5e9d2a3-4b7f-4e8c-9a1d-2f6b3e7c5a9d,0,500,6,1731.64,EA,ff5739d7-c65e-4fbf-9eb4-083ef5d6ddc6
0180604a-7259-4843-a9cf-5f40c74c27cc,10000000256,c4b7e9d3-2a5f-4c8e-9d1b-6f2a7c5e3d9b,0,500,301,3965.32,EA,ff5739d7-c65e-4fbf-9eb4-083ef5d6ddc6
a6cf659f-7be6-4c17-9484-ecd955522d9f,10000000257,d3e1f9b2-6a5c-4d7e-8c3b-5f9a2b4c1e7d,0,500,211,3723.37,EA,ff5739d7-c65e-4fbf-9eb4-083ef5d6ddc6
da3f1c62-94bc-4d06-b810-d472a80d59a4,10000000258,d2f3e1b9-5a4c-4d7e-8b1c-6a9f2c5e3b7d,0,500,173,1255.05,EA,ff5739d7-c65e-4fbf-9eb4-083ef5d6ddc6
611d57a9-dca6-4f92-8b6c-b1d3f0c2fcf3,10000000259,b7e5c2d9-4a3b-4f8e-9c1d-2f6a7e5b3c9d,0,500,127,2800.24,EA,ff5739d7-c65e-4fbf-9eb4-083ef5d6ddc6
7476ea47-f10d-48fa-8988-1464d54871a6,10000000260,b6c2e9a3-4d5f-4e8b-7c1a-3f9d7e5b2c4a,0,500,16,3902.42,EA,ff5739d7-c65e-4fbf-9eb4-083ef5d6ddc6
978ef22e-57d9-488d-9ca3-0e2feec0270e,10000000261,c4b7e9d3-2a5f-4c8e-9d1b-6f2a7c5e3d9b,0,500,214,3551.28,EA,ff5739d7-c65e-4fbf-9eb4-083ef5d6ddc6
9d9e24a5-8301-4e51-88d8-6c282caba1e4,10000000262,c4b7e9d3-2a5f-4c8e-9d1b-6f2a7c5e3d9b,0,500,192,950.73,EA,ff5739d7-c65e-4fbf-9eb4-083ef5d6ddc6
4306f766-f108-4d06-83fc-7832cc4d1a3c,10000000263,d3e1f9b2-6a5c-4d7e-8c3b-5f9a2b4c1e7d,0,500,341,1808.85,EA,ff5739d7-c65e-4fbf-9eb4-083ef5d6ddc6
19266f65-f04d-4a57-9959-01cd8983f808,10000000264,c5e9d2a3-4b7f-4e8c-9a1d-2f6b3e7c5a9d,0,500,25,2553.05,EA,ff5739d7-c65e-4fbf-9eb4-083ef5d6ddc6
dfebb925-426f-4971-9f83-b1bf9d3a86da,10000000265,b7e5c2d9-4a3b-4f8e-9c1d-2f6a7e5b3c9d,0,500,383,999.75,EA,ff5739d7-c65e-4fbf-9eb4-083ef5d6ddc6
f7c7973a-8e28-4c1d-9fba-21cf92b118d8,10000000266,d2f3e1b9-5a4c-4d7e-8b1c-6a9f2c5e3b7d,0,500,340,4541.08,EA,ff5739d7-c65e-4fbf-9eb4-083ef5d6ddc6
abbb62d8-b33e-4f8d-90f1-de4238f98a25,10000000267,b6c2e9a3-4d5f-4e8b-7c1a-3f9d7e5b2c4a,0,500,260,1692.92,EA,ff5739d7-c65e-4fbf-9eb4-083ef5d6ddc6
6dee3984-beb6-4d43-b8c0-99b9acab5883,10000000268,c5e9d2a3-4b7f-4e8c-9a1d-2f6b3e7c5a9d,0,500,107,2462.78,EA,ff5739d7-c65e-4fbf-9eb4-083ef5d6ddc6
81c86d4b-4ce3-4185-8523-525707840cda,10000000269,e1f9d3b2-6a5c-4d7e-8b3a-5c2f7e9a4d1b,0,500,119,834.91,EA,ff5739d7-c65e-4fbf-9eb4-083ef5d6ddc6
9fa23943-68db-476f-b271-2e0d782ced6b,10000000270,e1f9d3b2-6a5c-4d7e-8b3a-5c2f7e9a4d1b,0,500,468,419.43,EA,ff5739d7-c65e-4fbf-9eb4-083ef5d6ddc6
543ec4b7-b95e-4cba-b325-5909c24f80f9,10000000271,ab5c9e8d-7f2a-4b3c-b6d1-3a7e5f9c2b4d,0,500,110,1564.52,EA,e20bffd0-6812-4ba8-94d8-61fdbf8264cc
7ecd46ea-026a-4931-9abb-ca3636b47f96,10000000272,e1f9d3b2-6a5c-4d7e-8b3a-5c2f7e9a4d1b,0,500,148,4000.83,EA,e20bffd0-6812-4ba8-94d8-61fdbf8264cc
ddea5095-1399-477e-bc5d-271a3980eddc,10000000273,a9e7c2b5-4d3f-4e8a-7b1c-5f2d6c9e3a7b,0,500,420,28.32,EA,e20bffd0-6812-4ba8-94d8-61fdbf8264cc
f10bc18a-f0f4-4e25-b8d4-db9d671fff71,10000000274,e6f1d2c3-9a5b-4e8d-7c3a-2b4f9e7d5c1a,0,500,399,193.25,EA,e20bffd0-6812-4ba8-94d8-61fdbf8264cc
8c4e342b-bc65-433d-9194-fb7c65d3831f,10000000275,c5e9d2a3-4b7f-4e8c-9a1d-2f6b3e7c5a9d,0,500,111,2911.55,EA,e20bffd0-6812-4ba8-94d8-61fdbf8264cc
445f1270-23bd-4777-b60f-395be5f51f50,10000000276,c4b7e9d3-2a5f-4c8e-9d1b-6f2a7c5e3d9b,0,500,272,277.01,EA,e20bffd0-6812-4ba8-94d8-61fdbf8264cc
675f3b13-9869-4fa7-b467-87f78eaf2c4b,10000000277,e1f9d3b2-6a5c-4d7e-8b3a-5c2f7e9a4d1b,0,500,369,1215.39,EA,e20bffd0-6812-4ba8-94d8-61fdbf8264cc
dc8a566c-6f0e-42c4-8b85-66adf0a5ecf6,10000000278,b7e5c2d9-4a3b-4f8e-9c1d-2f6a7e5b3c9d,0,500,281,1407.41,EA,e20bffd0-6812-4ba8-94d8-61fdbf8264cc
889adac7-f61e-4fab-a699-c35fedea4eb4,10000000279,b6c2e9a3-4d5f-4e8b-7c1a-3f9d7e5b2c4a,0,500,1,2361.62,EA,e20bffd0-6812-4ba8-94d8-61fdbf8264cc
78d4f730-cd84-47fa-b842-21a88999eca8,10000000280,b6c2e9a3-4d5f-4e8b-7c1a-3f9d7e5b2c4a,0,500,347,2807.59,EA,e20bffd0-6812-4ba8-94d8-61fdbf8264cc
c4a9feab-b275-4476-8f86-00446da8c7dd,10000000281,d3e1f9b2-6a5c-4d7e-8c3b-5f9a2b4c1e7d,0,500,139,4303.89,EA,e20bffd0-6812-4ba8-94d8-61fdbf8264cc
707adb6c-cf7b-4f2e-902d-619aa53ec343,10000000282,b6c2e9a3-4d5f-4e8b-7c1a-3f9d7e5b2c4a,0,500,164,3663.45,EA,e20bffd0-6812-4ba8-94d8-61fdbf8264cc
769ce136-67aa-4c39-903b-b4655ce4d7bc,10000000283,d2f3e1b9-5a4c-4d7e-8b1c-6a9f2c5e3b7d,0,500,259,1247.43,EA,e20bffd0-6812-4ba8-94d8-61fdbf8264cc
9d32d8ed-e2e4-4260-85c7-4011a9bacc5c,10000000284,c5e9d2a3-4b7f-4e8c-9a1d-2f6b3e7c5a9d,0,500,320,4479.75,EA,e20bffd0-6812-4ba8-94d8-61fdbf8264cc
37b134c7-b85d-451a-9259-1676bec59a16,10000000285,e1f9d3b2-6a5c-4d7e-8b3a-5c2f7e9a4d1b,0,500,290,3034.48,EA,e20bffd0-6812-4ba8-94d8-61fdbf8264cc
898c6cf2-43db-4a80-8316-81a3da5275e2,10000000286,c4b7e9d3-2a5f-4c8e-9d1b-6f2a7c5e3d9b,0,500,494,3155.06,EA,e20bffd0-6812-4ba8-94d8-61fdbf8264cc
aa1de416-d6ce-4352-8ea5-5c2741108831,10000000287,e1f9d3b2-6a5c-4d7e-8b3a-5c2f7e9a4d1b,0,500,427,3527.75,EA,e20bffd0-6812-4ba8-94d8-61fdbf8264cc
9db03ebc-f8cc-4d69-9aa3-05b9343ef75e,10000000288,e1f9d3b2-6a5c-4d7e-8b3a-5c2f7e9a4d1b,0,500,33,3295.75,EA,e20bffd0-6812-4ba8-94d8-61fdbf8264cc
019327b4-7a22-4da7-bc48-e0ad0951b560,10000000289,b7e5c2d9-4a3b-4f8e-9c1d-2f6a7e5b3c9d,0,500,397,54.64,EA,e20bffd0-6812-4ba8-94d8-61fdbf8264cc
00e6d512-b7e0-464c-a9a5-609f0594a30b,10000000290,c4b7e9d3-2a5f-4c8e-9d1b-6f2a7c5e3d9b,0,500,406,169.84,EA,e20bffd0-6812-4ba8-94d8-61fdbf8264cc
e571f3ea-93ea-421c-ac25-05c4c73ea85a,10000000291,e1f9d3b2-6a5c-4d7e-8b3a-5c2f7e9a4d1b,0,500,107,1752.61,EA,e20bffd0-6812-4ba8-94d8-61fdbf8264cc
443016d8-4e7d-4f20-8c39-6ce5327cb0d4,10000000292,b6c2e9a3-4d5f-4e8b-7c1a-3f9d7e5b2c4a,0,500,28,3864.19,EA,e20bffd0-6812-4ba8-94d8-61fdbf8264cc
b1a96cea-4bf4-4976-8dac-97be0a7ca9b4,10000000293,d2f3e1b9-5a4c-4d7e-8b1c-6a9f2c5e3b7d,0,500,132,1121.63,EA,e20bffd0-6812-4ba8-94d8-61fdbf8264cc
d81f2b2e-181c-46ae-9036-a63dfe9ef5dc,10000000294,c5e9d2a3-4b7f-4e8c-9a1d-2f6b3e7c5a9d,0,500,304,1047.94,EA,e20bffd0-6812-4ba8-94d8-61fdbf8264cc
38ac7c47-ebad-4277-92b4-b619bf9d5a61,10000000295,ab5c9e8d-7f2a-4b3c-b6d1-3a7e5f9c2b4d,0,500,222,837.57,EA,e20bffd0-6812-4ba8-94d8-61fdbf8264cc
62615b55-440c-4021-b30f-c50471a55e87,10000000296,b7e5c2d9-4a3b-4f8e-9c1d-2f6a7e5b3c9d,0,500,105,3630.09,EA,e20bffd0-6812-4ba8-94d8-61fdbf8264cc
4f7466c2-343a-4983-bc8f-4146cc64f7d6,10000000297,ab5c9e8d-7f2a-4b3c-b6d1-3a7e5f9c2b4d,0,500,198,314.12,EA,e20bffd0-6812-4ba8-94d8-61fdbf8264cc
56635509-eb7e-4327-bfda-bceb89432434,10000000298,e6f1d2c3-9a5b-4e8d-7c3a-2b4f9e7d5c1a,0,500,92,1273.56,EA,e20bffd0-6812-4ba8-94d8-61fdbf8264cc
87cc6a4f-f5cc-4891-b0ec-db4d6836e4b9,10000000299,e1f9d3b2-6a5c-4d7e-8b3a-5c2f7e9a4d1b,0,500,304,2817.34,EA,e20bffd0-6812-4ba8-94d8-61fdbf8264cc
2cc0b479-ab1d-4f5c-a6c6-26b46dc53484,10000000300,a9e7c2b5-4d3f-4e8a-7b1c-5f2d6c9e3a7b,0,500,200,2751.38,EA,e20bffd0-6812-4ba8-94d8-61fdbf8264cc
2f596df7-1dca-46d7-a459-bad46aa61c6a,10000000301,ab5c9e8d-7f2a-4b3c-b6d1-3a7e5f9c2b4d,0,500,390,68.39,EA,d639af19-f5eb-4372-a1c6-21199024fb57
160787f4-d63e-4adc-93cc-89b16db34908,10000000302,ab5c9e8d-7f2a-4b3c-b6d1-3a7e5f9c2b4d,0,500,209,2755.21,EA,d639af19-f5eb-4372-a1c6-21199024fb57
4e8d05c0-6d64-453d-bf7b-f776ef23df80,10000000303,ab5c9e8d-7f2a-4b3c-b6d1-3a7e5f9c2b4d,0,500,318,382.77,EA,d639af19-f5eb-4372-a1c6-21199024fb57
29fc80f9-c6b3-45c8-a3c4-f3b0909235a2,10000000304,ab5c9e8d-7f2a-4b3c-b6d1-3a7e5f9c2b4d,0,500,287,3446.55,EA,d639af19-f5eb-4372-a1c6-21199024fb57
6ffb80e4-4143-4920-bf2c-d938fbfec207,10000000305,ab5c9e8d-7f2a-4b3c-b6d1-3a7e5f9c2b4d,0,500,239,3072.86,EA,d639af19-f5eb-4372-a1c6-21199024fb57
acd569d9-2c3b-484f-8efe-79a23e9f7c7d,10000000306,c4b7e9d3-2a5f-4c8e-9d1b-6f2a7c5e3d9b,0,500,227,4208.93,EA,d639af19-f5eb-4372-a1c6-21199024fb57
6e824e1b-3504-4fa0-983b-f2e17b1f43dd,10000000307,d2f3e1b9-5a4c-4d7e-8b1c-6a9f2c5e3b7d,0,500,396,2575.95,EA,d639af19-f5eb-4372-a1c6-21199024fb57
7bd2ff4f-31ad-4886-bb43-8aa694e5156c,10000000308,d3e1f9b2-6a5c-4d7e-8c3b-5f9a2b4c1e7d,0,500,455,3045.86,EA,d639af19-f5eb-4372-a1c6-21199024fb57
9d710781-00f7-4598-8018-f4771801a60e,10000000309,d2f3e1b9-5a4c-4d7e-8b1c-6a9f2c5e3b7d,0,500,120,1201.13,EA,d639af19-f5eb-4372-a1c6-21199024fb57
98ebc492-c800-406e-af5c-663e854fdab7,10000000310,e6f1d2c3-9a5b-4e8d-7c3a-2b4f9e7d5c1a,0,500,405,4398.84,EA,d639af19-f5eb-4372-a1c6-21199024fb57
303ebcd6-2b89-4aac-9aa3-2d4c704eb300,10000000311,c4b7e9d3-2a5f-4c8e-9d1b-6f2a7c5e3d9b,0,500,108,4551.68,EA,d639af19-f5eb-4372-a1c6-21199024fb57
734e255a-2ce2-4d29-a4b4-2d2ca4e475a6,10000000312,ab5c9e8d-7f2a-4b3c-b6d1-3a7e5f9c2b4d,0,500,203,1593.73,EA,d639af19-f5eb-4372-a1c6-21199024fb57
5553b6a2-5ff8-4264-8f7e-9f645c458c5b,10000000313,b6c2e9a3-4d5f-4e8b-7c1a-3f9d7e5b2c4a,0,500,57,3077.86,EA,d639af19-f5eb-4372-a1c6-21199024fb57
fd793693-0259-428e-8844-c0dabdebe9d5,10000000314,c4b7e9d3-2a5f-4c8e-9d1b-6f2a7c5e3d9b,0,500,213,1815.92,EA,d639af19-f5eb-4372-a1c6-21199024fb57
564c79ee-9917-47e5-8ad7-c45fd169c2ac,10000000315,b7e5c2d9-4a3b-4f8e-9c1d-2f6a7e5b3c9d,0,500,256,33.01,EA,d639af19-f5eb-4372-a1c6-21199024fb57
5b560264-fc66-446d-b9cb-5237085d614b,10000000316,b6c2e9a3-4d5f-4e8b-7c1a-3f9d7e5b2c4a,0,500,233,4843.61,EA,d639af19-f5eb-4372-a1c6-21199024fb57
32f29b35-9a5b-4703-bdc1-89765ba8b3ea,10000000317,d2f3e1b9-5a4c-4d7e-8b1c-6a9f2c5e3b7d,0,500,104,250.75,EA,d639af19-f5eb-4372-a1c6-21199024fb57
6b8b83e0-a7cd-4d65-a105-9d46e10bde36,10000000318,c4b7e9d3-2a5f-4c8e-9d1b-6f2a7c5e3d9b,0,500,375,4524.15,EA,d639af19-f5eb-4372-a1c6-21199024fb57
2f2d48d7-4b7f-4385-b2f1-66d808d8d80b,10000000319,d3e1f9b2-6a5c-4d7e-8c3b-5f9a2b4c1e7d,0,500,158,666.78,EA,d639af19-f5eb-4372-a1c6-21199024fb57
7e7fa134-f4de-4b7e-8bd4-36cce193c0aa,10000000320,e1f9d3b2-6a5c-4d7e-8b3a-5c2f7e9a4d1b,0,500,403,475.13,EA,d639af19-f5eb-4372-a1c6-21199024fb57
46f58b9d-65cd-4b2b-aa9a-c2ea7b3db2db,10000000321,c4b7e9d3-2a5f-4c8e-9d1b-6f2a7c5e3d9b,0,500,218,2223.12,EA,d639af19-f5eb-4372-a1c6-21199024fb57
f5f7477b-c9a9-4ea2-9d12-a477e3492b6c,10000000322,a9e7c2b5-4d3f-4e8a-7b1c-5f2d6c9e3a7b,0,500,230,3224.21,EA,d639af19-f5eb-4372-a1c6-21199024fb57
7a3982d1-d829-4eb5-9444-5b6c3dd73f20,10000000323,ab5c9e8d-7f2a-4b3c-b6d1-3a7e5f9c2b4d,0,500,52,2766.44,EA,d639af19-f5eb-4372-a1c6-21199024fb57
f4f733b6-0c2a-4f1d-82f9-cc06c4846293,10000000324,a9e7c2b5-4d3f-4e8a-7b1c-5f2d6c9e3a7b,0,500,262,706.04,EA,d639af19-f5eb-4372-a1c6-21199024fb57
36f950e8-8ae5-44b7-8230-4e00f2476ee0,10000000325,d3e1f9b2-6a5c-4d7e-8c3b-5f9a2b4c1e7d,0,500,44,2909.56,EA,d639af19-f5eb-4372-a1c6-21199024fb57
965b584a-51b0-42c4-bc88-9d4a8a95210d,10000000326,e1f9d3b2-6a5c-4d7e-8b3a-5c2f7e9a4d1b,0,500,384,190.59,EA,d639af19-f5eb-4372-a1c6-21199024fb57
16f220e0-ca67-4125-925d-4da69cae82b1,10000000327,c4b7e9d3-2a5f-4c8e-9d1b-6f2a7c5e3d9b,0,500,209,2399.82,EA,d639af19-f5eb-4372-a1c6-21199024fb57
0233e092-3373-410c-849c-a7b59e7a95a1,10000000328,c5e9d2a3-4b7f-4e8c-9a1d-2f6b3e7c5a9d,0,500,81,1535.75,EA,d639af19-f5eb-4372-a1c6-21199024fb57
7565ca08-389d-4ead-925a-741685104f31,10000000329,ab5c9e8d-7f2a-4b3c-b6d1-3a7e5f9c2b4d,0,500,105,1353.52,EA,d639af19-f5eb-4372-a1c6-21199024fb57
87924261-f0c4-4448-8ed1-32543037ea7a,10000000330,d2f3e1b9-5a4c-4d7e-8b1c-6a9f2c5e3b7d,0,500,132,118.17,EA,d639af19-f5eb-4372-a1c6-21199024fb57
4f924cf3-818f-488f-9231-392a1335980c,10000000331,ab5c9e8d-7f2a-4b3c-b6d1-3a7e5f9c2b4d,0,500,127,1748.56,EA,740e5164-2947-4089-a072-ea02dc1998f2
a9147b4a-5a9f-4a7e-817b-c9e6288fec84,10000000332,e1f9d3b2-6a5c-4d7e-8b3a-5c2f7e9a4d1b,0,500,406,3660.22,EA,740e5164-2947-4089-a072-ea02dc1998f2
69ec65ae-da8d-4354-9d74-97278ea801f9,10000000333,e1f9d3b2-6a5c-4d7e-8b3a-5c2f7e9a4d1b,0,500,117,2672.95,EA,740e5164-2947-4089-a072-ea02dc1998f2
bc4c2b28-9d71-4245-be66-1dcf519a8adb,10000000334,e6f1d2c3-9a5b-4e8d-7c3a-2b4f9e7d5c1a,0,500,51,720.71,EA,740e5164-2947-4089-a072-ea02dc1998f2
3cf098a7-135f-4daa-9dfa-ce0b0bab3fd2,10000000335,a9e7c2b5-4d3f-4e8a-7b1c-5f2d6c9e3a7b,0,500,488,1741.39,EA,740e5164-2947-4089-a072-ea02dc1998f2
b1ffc172-758f-44a2-bb50-81ad5752bfe4,10000000336,c5e9d2a3-4b7f-4e8c-9a1d-2f6b3e7c5a9d,0,500,115,109.67,EA,740e5164-2947-4089-a072-ea02dc1998f2
7f48eb4b-afa3-4718-8cf8-821bd62f63e8,10000000337,b6c2e9a3-4d5f-4e8b-7c1a-3f9d7e5b2c4a,0,500,120,213.64,EA,740e5164-2947-4089-a072-ea02dc1998f2
4677579f-a0de-4f93-b52d-2ba6d0513ed8,10000000338,a9e7c2b5-4d3f-4e8a-7b1c-5f2d6c9e3a7b,0,500,209,3046.12,EA,740e5164-2947-4089-a072-ea02dc1998f2
24e43d6e-5402-43fa-85b0-56cdebc4bff5,10000000339,b7e5c2d9-4a3b-4f8e-9c1d-2f6a7e5b3c9d,0,500,482,2605.98,EA,740e5164-2947-4089-a072-ea02dc1998f2
a64b785e-6a0b-4c21-be91-9b5789550381,10000000340,a9e7c2b5-4d3f-4e8a-7b1c-5f2d6c9e3a7b,0,500,434,2642.18,EA,740e5164-2947-4089-a072-ea02dc1998f2
90f849e0-087b-46b9-8e55-5e2fbdda8090,10000000341,c5e9d2a3-4b7f-4e8c-9a1d-2f6b3e7c5a9d,0,500,483,2678.55,EA,740e5164-2947-4089-a072-ea02dc1998f2
153ac6c1-0f28-4fb2-aa29-b44a732119eb,10000000342,e1f9d3b2-6a5c-4d7e-8b3a-5c2f7e9a4d1b,0,500,45,4403.92,EA,740e5164-2947-4089-a072-ea02dc1998f2
77ef166f-df96-4d93-bef6-c08536a09c22,10000000343,e1f9d3b2-6a5c-4d7e-8b3a-5c2f7e9a4d1b,0,500,250,2646.05,EA,740e5164-2947-4089-a072-ea02dc1998f2
db873879-ea9c-479a-a594-3d61d837d28b,10000000344,b6c2e9a3-4d5f-4e8b-7c1a-3f9d7e5b2c4a,0,500,332,4261.35,EA,740e5164-2947-4089-a072-ea02dc1998f2
a1aac3d2-9556-4f42-bd8f-8feb367f94e4,10000000345,b7e5c2d9-4a3b-4f8e-9c1d-2f6a7e5b3c9d,0,500,83,3359.82,EA,740e5164-2947-4089-a072-ea02dc1998f2
989c485e-355f-40b4-b7ab-a6bb8dec812a,10000000346,e1f9d3b2-6a5c-4d7e-8b3a-5c2f7e9a4d1b,0,500,360,405.58,EA,740e5164-2947-4089-a072-ea02dc1998f2
8762b195-d7e6-459a-8f33-7cd5a3067880,10000000347,e1f9d3b2-6a5c-4d7e-8b3a-5c2f7e9a4d1b,0,500,304,4414.41,EA,740e5164-2947-4089-a072-ea02dc1998f2
50ae2f81-c27b-49ef-965c-7e147c508b5c,10000000348,c4b7e9d3-2a5f-4c8e-9d1b-6f2a7c5e3d9b,0,500,352,4953.41,EA,740e5164-2947-4089-a072-ea02dc1998f2
c97e1c26-5a12-4ba0-8565-848eed0142ae,10000000349,c5e9d2a3-4b7f-4e8c-9a1d-2f6b3e7c5a9d,0,500,411,3234.38,EA,740e5164-2947-4089-a072-ea02dc1998f2
dd16f0da-72e8-431a-acd0-deb4b032c110,10000000350,c5e9d2a3-4b7f-4e8c-9a1d-2f6b3e7c5a9d,0,500,293,771.52,EA,740e5164-2947-4089-a072-ea02dc1998f2
5d0e2fd4-37b3-44e7-86ba-3a3a7503afb6,10000000351,d3e1f9b2-6a5c-4d7e-8c3b-5f9a2b4c1e7d,0,500,372,3834.67,EA,740e5164-2947-4089-a072-ea02dc1998f2
3299eb38-66c9-4245-80be-fbf1e7b541c2,10000000352,a9e7c2b5-4d3f-4e8a-7b1c-5f2d6c9e3a7b,0,500,477,4168.16,EA,740e5164-2947-4089-a072-ea02dc1998f2
45943f65-d41d-4fbc-8ed3-3fbb853c9e4a,10000000353,b6c2e9a3-4d5f-4e8b-7c1a-3f9d7e5b2c4a,0,500,363,235.44,EA,740e5164-2947-4089-a072-ea02dc1998f2
6dda6428-310e-44f8-89e9-32236d1c3d29,10000000354,ab5c9e8d-7f2a-4b3c-b6d1-3a7e5f9c2b4d,0,500,61,4955.33,EA,740e5164-2947-4089-a072-ea02dc1998f2
8a7ad103-e4b9-45f9-8ea9-5843394fb833,10000000355,d2f3e1b9-5a4c-4d7e-8b1c-6a9f2c5e3b7d,0,500,481,730.78,EA,740e5164-2947-4089-a072-ea02dc1998f2
caa47b24-59b9-4881-9796-7a8689fb91c3,10000000356,b7e5c2d9-4a3b-4f8e-9c1d-2f6a7e5b3c9d,0,500,191,1869.31,EA,740e5164-2947-4089-a072-ea02dc1998f2
258b4c1a-c921-47e6-b038-16dda0cbb653,10000000357,b6c2e9a3-4d5f-4e8b-7c1a-3f9d7e5b2c4a,0,500,165,106.56,EA,740e5164-2947-4089-a072-ea02dc1998f2
a34f3b6d-b1da-4ec5-b2b4-991763fafc62,10000000358,c4b7e9d3-2a5f-4c8e-9d1b-6f2a7c5e3d9b,0,500,154,990.37,EA,740e5164-2947-4089-a072-ea02dc1998f2
e7184a59-9a24-4ef8-a056-c4d5442454ea,10000000359,d3e1f9b2-6a5c-4d7e-8c3b-5f9a2b4c1e7d,0,500,350,2774.48,EA,740e5164-2947-4089-a072-ea02dc1998f2
ed2ccd51-9e59-4a91-9fce-c5ed36b7f829,10000000360,c5e9d2a3-4b7f-4e8c-9a1d-2f6b3e7c5a9d,0,500,304,1134.28,EA,740e5164-2947-4089-a072-ea02dc1998f2
